Handle,Title,Body (HTML),Vendor,Type,Tags,Published,Option1 Name,Option1 Value,Option2 Name,Option2 Value,Option3 Name,Option3 Value,Variant SKU,Variant Grams,Variant Inventory Tracker,Variant Inventory Qty,Variant Inventory Policy,Variant Fulfillment Service,Variant Price,Variant Compare At Price,Variant Requires Shipping,Variant Taxable,Variant Barcode,Image Src,Image Position,Image Alt Text,Gift Card,SEO Title,SEO Description,Google Shopping / Google Product Category,Google Shopping / Gender,Google Shopping / Age Group,Google Shopping / MPN,Google Shopping / AdWords Grouping,Google Shopping / AdWords Labels,Google Shopping / Condition,Google Shopping / Custom Product,Google Shopping / Custom Label 0,Google Shopping / Custom Label 1,Google Shopping / Custom Label 2,Google Shopping / Custom Label 3,Google Shopping / Custom Label 4,Variant Image,Variant Weight Unit,Variant Tax Code,Cost per item
abu-dhabi-beige-shoulder-strap,Abu Dhabi Beige Shoulder Strap,"<meta charset=""utf-8"">
<p>The most luxe beige shoulder straps with a hidden seam and a slight shimmer to the fabric. Gold hardware makes you feel like you can wear these with anything!</p>
<p>Select one of our classic or on trend seasonal fabrics to go with any outfit. Shoulder straps are meant to be seen. Arrange the straps in multiple different ways attaching to the interior loops on the cups and back straps.</p>
<meta charset=""utf-8""><meta charset=""utf-8"">
<ul>
<li><span>Adjustable clasp, one size fits all</span></li>
<li>
<span>Made of </span><span>Nylon Spandex</span>
</li>
<li>Hand Wash</li>
<li>Each shoulder strap comes as a pair</li>
</ul>",The Bra Lab,Shoulder Strap,Beige,true,Title,Default Title,,,,,TBL10012,3,shopify,1203,deny,manual,10.00,0.00,true,true,'850259007592,https://cdn.shopify.com/s/files/1/0673/5573/products/IMG_2184.jpg?v=1554823295,1,,false,"Bras | The Best Strappy Bras, Backless Bras, Bralettes | The Bra Lab","Free Exchanges & Returns | Cool New Innovative Bra Brand | Interchangeable Straps & Customizable | Comfortable, Multiway, Best Strapless Bra | Sizes AA-H 26-42",,,,,,,,,,,,,,,oz,,1.79
abu-dhabi-beige-shoulder-strap,,,,,,,,,,,,,,,,,,,,,,,,https://cdn.shopify.com/s/files/1/0673/5573/products/IMG_2184_c89ea342-18f0-4b43-ae8e-2b3ff26c6685.jpg?v=1554823295,2,,,,,,,,,,,,,,,,,,,,,
abu-dhabi-beige-shoulder-strap,,,,,,,,,,,,,,,,,,,,,,,,https://cdn.shopify.com/s/files/1/0673/5573/products/IMG_2190.jpg?v=1554823295,3,,,,,,,,,,,,,,,,,,,,,
abu-dhabi-beige-shoulder-strap,,,,,,,,,,,,,,,,,,,,,,,,https://cdn.shopify.com/s/files/1/0673/5573/products/IMG_4896.JPG?v=1554823295,4,,,,,,,,,,,,,,,,,,,,,
abu-dhabi-beige-shoulder-strap,,,,,,,,,,,,,,,,,,,,,,,,https://cdn.shopify.com/s/files/1/0673/5573/products/ABU_DABI_BEIGE_SHOULDER_STRAP.jpg?v=1554823295,5,Abu Dhabi Beige Shoulder Strap | The Bra Lab - The Bra Lab,,,,,,,,,,,,,,,,,,,,
abu-dhabi-beige-shoulder-strap,,,,,,,,,,,,,,,,,,,,,,,,https://cdn.shopify.com/s/files/1/0673/5573/products/Bra_Lab_Test-4837.jpg?v=1554823295,6,Abu Dhabi Beige Shoulder Strap | The Bra Lab - The Bra Lab,,,,,,,,,,,,,,,,,,,,
abu-dhabi-beige-shoulder-strap,,,,,,,,,,,,,,,,,,,,,,,,https://cdn.shopify.com/s/files/1/0673/5573/products/unnamed-2_4d97888a-14aa-467d-ad9c-4d1bb6dd3756.jpg?v=1554823295,7,,,,,,,,,,,,,,,,,,,,,
berkshire-herringbone-shoulder-strap,Berkshire Herringbone Shoulder Strap,"<meta charset=""utf-8"">
<p>Select one of our classic or on trend seasonal fabrics to go with any outfit. Shoulder straps are meant to be seen. Arrange the straps in multiple different ways attaching to the interior loops on the cups and back straps. Adjustable clasp, one size fits all. <strong>Each </strong><strong>shoulder strap order comes with a pair of shoulder straps. </strong></p>
<p>Material: Bamboo Cotton/Spandex</p>
<p>Care: Hand Wash</p>",The Bra Lab,Shoulder Strap,Black,false,Title,Default Title,,,,,TBL92.2,28,shopify,0,deny,manual,12.00,12.00,true,true,'850259007608,https://cdn.shopify.com/s/files/1/0673/5573/products/SEB_9321_924492bd-e064-4ce5-a129-4ef9a68d5550.jpg?v=1508510772,1,Berkshire Herringbone Shoulder Strap | The Bra Lab - The Bra Lab,false,"Bras | The Best Strappy Bras, Backless Bras, Bralettes | The Bra Lab","Free Shipping & Returns | Shop Online | Cool New Bra Brand 
Interchangeable & Customizable designs; push up bra, lace bra, strapless bra, strappy bra, backless bra, bralette bra. Comfortable, most versatile bra. The best strapless bra. Sizes AA-DDD 30-38.  ",,,,,,,,,,,,,,,oz,,3.71
berkshire-herringbone-shoulder-strap,,,,,,,,,,,,,,,,,,,,,,,,https://cdn.shopify.com/s/files/1/0673/5573/products/SEB_5698_0d95e833-8df5-4a2b-9b5a-4fceba1fc3f4.jpg?v=1527240072,2,Berkshire Herringbone Shoulder Strap | The Bra Lab - The Bra Lab,,,,,,,,,,,,,,,,,,,,
berkshire-herringbone-shoulder-strap,,,,,,,,,,,,,,,,,,,,,,,,https://cdn.shopify.com/s/files/1/0673/5573/products/strap-2.jpg?v=1527240072,3,Berkshire Herringbone Shoulder Strap | The Bra Lab - The Bra Lab,,,,,,,,,,,,,,,,,,,,
berkshire-herringbone-shoulder-strap,,,,,,,,,,,,,,,,,,,,,,,,https://cdn.shopify.com/s/files/1/0673/5573/products/SEB_5802.jpg?v=1527240072,4,Berkshire Herringbone Shoulder Strap | The Bra Lab - The Bra Lab,,,,,,,,,,,,,,,,,,,,
manhattan-black-shoulder-strap,Manhattan Black Shoulder Strap,"<meta charset=""utf-8"">
<p>Your bra strap staple. Our Manhattan Black straps have a hidden seam and are supportive and look clean if shown. Add another pair with our multiway loops for a strappy alternative look.</p>
<p>Select one of our classic or on trend seasonal fabrics to go with any outfit. Shoulder straps are meant to be seen. Arrange the straps in multiple different ways attaching to the interior loops on the cups and back straps. Adjustable clasp, one size fits all. <strong>Each shoulder strap order comes with a pair of shoulder straps. </strong></p>
<p>Material: Nylon/Spandex</p>
<p>Care: Hand Wash</p>",The Bra Lab,Shoulder Strap,Black,true,Title,Default Title,,,,,TBL100.4,28,shopify,972,deny,manual,10.00,10.00,true,true,'850259007622,https://cdn.shopify.com/s/files/1/0673/5573/products/IMG_7873.jpg?v=1565027719,1,,false,"Bras | The Best Strappy Bras, Backless Bras, Bralettes | The Bra Lab","Free Exchanges & Returns | Cool New Innovative Bra Brand | Interchangeable Straps & Customizable | Comfortable, Multiway, Best Strapless Bra | Sizes AA-H 26-42",,,,,,,,,,,,,,,oz,,1.79
manhattan-black-shoulder-strap,,,,,,,,,,,,,,,,,,,,,,,,https://cdn.shopify.com/s/files/1/0673/5573/products/IMG_2431.jpg?v=1565027719,2,,,,,,,,,,,,,,,,,,,,,
manhattan-black-shoulder-strap,,,,,,,,,,,,,,,,,,,,,,,,https://cdn.shopify.com/s/files/1/0673/5573/products/IMG_4929.JPG?v=1565027719,3,,,,,,,,,,,,,,,,,,,,,
manhattan-black-shoulder-strap,,,,,,,,,,,,,,,,,,,,,,,,https://cdn.shopify.com/s/files/1/0673/5573/products/MANHATTAN_BLACK_SHOULDER_STRAP.jpg?v=1565027719,4,Manhattan Black Shoulder Strap | The Bra Lab - The Bra Lab,,,,,,,,,,,,,,,,,,,,
manhattan-black-shoulder-strap,,,,,,,,,,,,,,,,,,,,,,,,https://cdn.shopify.com/s/files/1/0673/5573/products/Bra_Lab_Test-4840.jpg?v=1565027719,5,Manhattan Black Shoulder Strap | The Bra Lab - The Bra Lab,,,,,,,,,,,,,,,,,,,,
manhattan-black-shoulder-strap,,,,,,,,,,,,,,,,,,,,,,,,https://cdn.shopify.com/s/files/1/0673/5573/products/unnamed-2_2_0956dd2d-61a0-4cc5-8c41-44eba15f56ed.jpg?v=1565027719,6,,,,,,,,,,,,,,,,,,,,,
napoletana-nera-shoulder-strap,Napoletana Nera Lace Shoulder Strap,"<meta charset=""utf-8"">
<p>Floral lace with scalloped edges. You will love having these in your wardrobe! </p>
<p>Select one of our classic or on trend seasonal fabrics to go with any outfit. Shoulder straps are meant to be seen. Arrange the straps in multiple different ways attaching to the interior loops on the cups and back straps. Adjustable clasp, one size fits all. <strong>Each shoulder strap order comes with a pair of shoulder straps. </strong></p>
<p>Material: Nylon/Spandex/Lace</p>
<p>Care: Hand Wash</p>",The Bra Lab,Shoulder Strap,Black,true,Title,Default Title,,,,,TBL1033,28,shopify,937,deny,manual,10.00,10.00,true,true,'850259007677,https://cdn.shopify.com/s/files/1/0673/5573/products/IMG_7863.jpg?v=1565027666,1,,false,Multiway Bras | The Best Strapless Bra | The Bra Lab,"Free Exchanges & Returns | Cool New Innovative Bra Brand | Interchangeable Straps & Customizable | Comfortable, Multiway, Best Strapless Bra | Sizes AA-H 26-42",,,,,,,,,,,,,,,oz,,1.84
napoletana-nera-shoulder-strap,,,,,,,,,,,,,,,,,,,,,,,,https://cdn.shopify.com/s/files/1/0673/5573/products/IMG_2283.jpg?v=1565027666,2,,,,,,,,,,,,,,,,,,,,,
napoletana-nera-shoulder-strap,,,,,,,,,,,,,,,,,,,,,,,,https://cdn.shopify.com/s/files/1/0673/5573/products/IMG_2286.jpg?v=1565027666,3,,,,,,,,,,,,,,,,,,,,,
napoletana-nera-shoulder-strap,,,,,,,,,,,,,,,,,,,,,,,,https://cdn.shopify.com/s/files/1/0673/5573/products/IMG_2281.jpg?v=1565027666,4,,,,,,,,,,,,,,,,,,,,,
napoletana-nera-shoulder-strap,,,,,,,,,,,,,,,,,,,,,,,,https://cdn.shopify.com/s/files/1/0673/5573/products/BlackLace-2_b612c2c5-8e32-49ec-b73a-0fa0ee7f29e0.jpg?v=1565027666,5,Napoletana Nera Lace Shoulder Strap | The Bra Lab - The Bra Lab,,,,,,,,,,,,,,,,,,,,
napoletana-nera-shoulder-strap,,,,,,,,,,,,,,,,,,,,,,,,https://cdn.shopify.com/s/files/1/0673/5573/products/unnamed-2_2_3da55c92-5d18-4f3e-abff-f3cf1dc355e6.jpg?v=1565027666,6,,,,,,,,,,,,,,,,,,,,,
parisian-pinstripe-shoulder-strap,Parisian Pinstripe Shoulder Strap,"<meta charset=""utf-8"">
<p>The pattern that goes with everything. Wear these straps as your fun neutral with all your tanks. These bra straps won't look like it's a bra!</p>
<p>Select one of our classic or on trend seasonal fabrics to go with any outfit. Shoulder straps are meant to be seen. Arrange the straps in multiple different ways attaching to the interior loops on the cups and back straps. Adjustable clasp, one size fits all. <strong>Each shoulder strap order comes with a pair of shoulder straps. </strong></p>
<p>Material: Nylon/Spandex</p>
<p>Care: Hand Wash</p>",The Bra Lab,Shoulder Strap,Beige,true,Title,Default Title,,,,,TBL108,28,shopify,493,deny,manual,12.00,12.00,true,true,'850259007653,https://cdn.shopify.com/s/files/1/0673/5573/products/IMG_7750.jpg?v=1565027658,1,,false,"Bras | The Best Strappy Bras, Backless Bras, Bralettes | The Bra Lab","Free Exchanges & Returns | Cool New Innovative Bra Brand | Interchangeable Straps & Customizable | Comfortable, Multiway, Best Strapless Bra | Sizes AA-H 26-42",,,,,,,,,,,,,,,oz,,1.84
parisian-pinstripe-shoulder-strap,,,,,,,,,,,,,,,,,,,,,,,,https://cdn.shopify.com/s/files/1/0673/5573/products/IMG_1971.jpg?v=1565027658,2,,,,,,,,,,,,,,,,,,,,,
parisian-pinstripe-shoulder-strap,,,,,,,,,,,,,,,,,,,,,,,,https://cdn.shopify.com/s/files/1/0673/5573/products/Bra_Lab_Test-4834.jpg?v=1565027658,3,,,,,,,,,,,,,,,,,,,,,
parisian-pinstripe-shoulder-strap,,,,,,,,,,,,,,,,,,,,,,,,https://cdn.shopify.com/s/files/1/0673/5573/products/IMG_1977.jpg?v=1565027658,4,,,,,,,,,,,,,,,,,,,,,
parisian-pinstripe-shoulder-strap,,,,,,,,,,,,,,,,,,,,,,,,https://cdn.shopify.com/s/files/1/0673/5573/products/unnamed-2_2_de16ea19-3ca3-44bf-b2a4-c1a78fed67b2.jpg?v=1565027658,5,,,,,,,,,,,,,,,,,,,,,
prague-black-vegan-leather-shoulder-strap,Prague Black Vegan Leather Shoulder Strap,"<meta charset=""utf-8"">
<p>Edgy and one of a kind are the Prague Vegan Leather shoulder straps. For the rebel inside all of us! Add some leather to your look.</p>
<p>Select one of our classic or on trend seasonal fabrics to go with any outfit. Shoulder straps are meant to be seen. Arrange the straps in multiple different ways attaching to the interior loops on the cups and back straps. Adjustable clasp, one size fits all. <strong>Each shoulder strap order comes with a pair of shoulder straps. </strong></p>
<p>Material: Vegan Stretch Leather/ Spandex</p>
<p>Care: Hand Wash</p>",The Bra Lab,Shoulder Strap,Black,true,Title,Default Title,,,,,TBL114,28,shopify,128,deny,manual,10.00,10.00,true,true,'850259007660,https://cdn.shopify.com/s/files/1/0673/5573/products/IMG_2272_377818bd-eeac-48af-a8db-4d7c8d79a774.jpg?v=1539723460,1,,false,"Bras | The Best Strappy Bras, Backless Bras, Bralettes | The Bra Lab","Free Exchanges & Returns | Cool New Innovative Bra Brand | Interchangeable Straps & Customizable | Comfortable, Multiway, Best Strapless Bra | Sizes AA-H 26-42",,,,,,,,,,,,,,,oz,,0.91
prague-black-vegan-leather-shoulder-strap,,,,,,,,,,,,,,,,,,,,,,,,https://cdn.shopify.com/s/files/1/0673/5573/products/IMG_2272.jpg?v=1539723442,2,,,,,,,,,,,,,,,,,,,,,
prague-black-vegan-leather-shoulder-strap,,,,,,,,,,,,,,,,,,,,,,,,https://cdn.shopify.com/s/files/1/0673/5573/products/IMG_2266.jpg?v=1539723442,3,,,,,,,,,,,,,,,,,,,,,
prague-black-vegan-leather-shoulder-strap,,,,,,,,,,,,,,,,,,,,,,,,https://cdn.shopify.com/s/files/1/0673/5573/products/IMG_2273.jpg?v=1539723442,4,,,,,,,,,,,,,,,,,,,,,
prague-black-vegan-leather-shoulder-strap,,,,,,,,,,,,,,,,,,,,,,,,https://cdn.shopify.com/s/files/1/0673/5573/products/Bra_Lab_Test-4835.jpg?v=1539723442,5,Prague Black Vegan Leather Shoulder Strap | The Bra Lab - The Bra Lab,,,,,,,,,,,,,,,,,,,,
prague-black-vegan-leather-shoulder-strap,,,,,,,,,,,,,,,,,,,,,,,,https://cdn.shopify.com/s/files/1/0673/5573/products/004_9514b9fe-0c94-46af-bbbe-ff57296a4ca4.jpg?v=1539723442,6,Prague Black Vegan Leather Shoulder Strap | The Bra Lab - The Bra Lab,,,,,,,,,,,,,,,,,,,,
prague-black-vegan-leather-shoulder-strap,,,,,,,,,,,,,,,,,,,,,,,,https://cdn.shopify.com/s/files/1/0673/5573/products/unnamed-2_2_f5618df1-d79b-4ac9-b927-f77fb13043fc.jpg?v=1539723442,7,,,,,,,,,,,,,,,,,,,,,
gold-coast-black-shoulder-strap,Gold Coast Black Shoulder Strap,"<meta charset=""utf-8"">
<p>Soft 1"" elastic shoulder straps give you the ultimate support and look super chic!</p>
<p>Select one of our classic or on trend seasonal fabrics to go with any outfit. Shoulder straps are meant to be seen. Arrange the straps in multiple different ways attaching to the interior loops on the cups and back straps. Adjustable clasp, one size fits all. <strong>Each shoulder strap order comes with a pair of shoulder straps. </strong></p>
<p>Size: 1"" (25mm)</p>
<p>Material: Nylon/Spandex</p>
<p>Care: Hand Wash</p>",The Bra Lab,Shoulder Strap,Black,true,Title,Default Title,,,,,TBL109,28,shopify,1811,deny,manual,12.00,12.00,true,true,'850259007820,https://cdn.shopify.com/s/files/1/0673/5573/products/IMG_7851.jpg?v=1565026959,1,,false,"Bras | The Best Strappy Bras, Backless Bras, Bralettes | The Bra Lab","Free Exchanges & Returns | Cool New Innovative Bra Brand | Interchangeable Straps & Customizable | Comfortable, Multiway, Best Strapless Bra | Sizes AA-H 26-42",,,,,,,,,,,,,,,oz,,1.81
gold-coast-black-shoulder-strap,,,,,,,,,,,,,,,,,,,,,,,,https://cdn.shopify.com/s/files/1/0673/5573/products/IMG_2309.jpg?v=1565026959,2,,,,,,,,,,,,,,,,,,,,,
gold-coast-black-shoulder-strap,,,,,,,,,,,,,,,,,,,,,,,,https://cdn.shopify.com/s/files/1/0673/5573/products/IMG_2309_91b66a35-623b-4021-86de-cb0799c3c6a5.jpg?v=1565026959,3,,,,,,,,,,,,,,,,,,,,,
gold-coast-black-shoulder-strap,,,,,,,,,,,,,,,,,,,,,,,,https://cdn.shopify.com/s/files/1/0673/5573/products/unnamed-2.jpg?v=1565026959,4,,,,,,,,,,,,,,,,,,,,,
verbier-athletic-stripe-shoulder-strap,Verbier Athletic Stripe Shoulder Strap | The Bra Lab,"<meta charset=""utf-8"">
<p>Super soft and supportive is this 1"" shoulder strap set. Get your cool-girl athleisure vibe on with the thick black and white stripes! </p>
<p>Select one of our classic or on trend seasonal fabrics to go with any outfit. Shoulder straps are meant to be seen. Arrange the straps in multiple different ways attaching to the interior loops on the cups and back straps. Adjustable clasp, one size fits all. <strong>Each shoulder strap order comes with a pair of shoulder straps. </strong></p>
<p>﻿Color: Black and white</p>
<p>Size: 1"" (25mm)</p>
<p>Material: Elastic</p>
<p>Care: Hand Wash</p>",The Bra Lab,Shoulder Strap,Beige,true,Title,Default Title,,,,,TBL110,28,shopify,285,deny,manual,14.00,14.00,true,true,'850259007837,https://cdn.shopify.com/s/files/1/0673/5573/products/IMG_7783.jpg?v=1565027619,1,,false,"Bras | The Best Strappy Bras, Backless Bras, Bralettes | The Bra Lab","Free Exchanges & Returns | Cool New Innovative Bra Brand | Interchangeable Straps & Customizable | Comfortable, Multiway, Best Strapless Bra | Sizes AA-H 26-42",,,,,,,,,,,,,,,oz,,1.81
verbier-athletic-stripe-shoulder-strap,,,,,,,,,,,,,,,,,,,,,,,,https://cdn.shopify.com/s/files/1/0673/5573/products/IMG_2318.jpg?v=1565027619,2,,,,,,,,,,,,,,,,,,,,,
verbier-athletic-stripe-shoulder-strap,,,,,,,,,,,,,,,,,,,,,,,,https://cdn.shopify.com/s/files/1/0673/5573/products/IMG_2310.jpg?v=1565027619,3,,,,,,,,,,,,,,,,,,,,,
verbier-athletic-stripe-shoulder-strap,,,,,,,,,,,,,,,,,,,,,,,,https://cdn.shopify.com/s/files/1/0673/5573/products/IMG_2314.jpg?v=1565027619,4,,,,,,,,,,,,,,,,,,,,,
verbier-athletic-stripe-shoulder-strap,,,,,,,,,,,,,,,,,,,,,,,,https://cdn.shopify.com/s/files/1/0673/5573/products/E970848B-3084-4374-8A59-703A1BA8D917.JPG?v=1565027619,5,,,,,,,,,,,,,,,,,,,,,
verbier-athletic-stripe-shoulder-strap,,,,,,,,,,,,,,,,,,,,,,,,https://cdn.shopify.com/s/files/1/0673/5573/products/IMG_0785.jpg?v=1565027619,6,Verbier Athletic Stripe Shoulder Strap | The Bra Lab - The Bra Lab,,,,,,,,,,,,,,,,,,,,
verbier-athletic-stripe-shoulder-strap,,,,,,,,,,,,,,,,,,,,,,,,https://cdn.shopify.com/s/files/1/0673/5573/products/Bra_Lab_Test-4819.jpg?v=1565027619,7,Verbier Athletic Stripe Shoulder Strap | The Bra Lab - The Bra Lab,,,,,,,,,,,,,,,,,,,,
verbier-athletic-stripe-shoulder-strap,,,,,,,,,,,,,,,,,,,,,,,,https://cdn.shopify.com/s/files/1/0673/5573/products/IMG_0787.jpg?v=1565027619,8,Verbier Athletic Stripe Shoulder Strap | The Bra Lab - The Bra Lab,,,,,,,,,,,,,,,,,,,,
verbier-athletic-stripe-shoulder-strap,,,,,,,,,,,,,,,,,,,,,,,,https://cdn.shopify.com/s/files/1/0673/5573/products/unnamed-2_2_fbb49b8d-95b1-405b-a97a-84b2d060fdce.jpg?v=1565027619,9,,,,,,,,,,,,,,,,,,,,,
tenerife-blanco-y-azul-stripe-shoulder-strap,Tenerife Blanco y Azul Stripe Shoulder Strap | The Bra Lab,"<meta charset=""utf-8"">
<p>Preppy-chic navy and white striped 1"" shoulder straps. These are perfect for your off the shoulder sweaters and tops. </p>
<p>Select one of our classic or on trend seasonal fabrics to go with any outfit. Shoulder straps are meant to be seen. Arrange the straps in multiple different ways attaching to the interior loops on the cups and back straps. Adjustable clasp, one size fits all. <strong>Each shoulder strap order comes with a pair of shoulder straps. </strong></p>
<p>﻿Color: Navy and white</p>
<p>Size: 1"" (25mm)</p>
<p>Material: Nylon/Spandex</p>
<p>Care: Hand Wash</p>",The Bra Lab,Shoulder Strap,Beige,true,Title,Default Title,,,,,TBL140,28,shopify,258,deny,manual,14.00,14.00,true,true,'850259007844,https://cdn.shopify.com/s/files/1/0673/5573/products/IMG_2206_beb96229-c20c-41f3-9f08-516971f3ac68.jpg?v=1554822905,1,,false,"Bras | The Best Strapless Bras, Strappy Bras, Backless Bras, Bralettes | The Bra Lab","Free Exchanges & Returns | Cool New Innovative Bra Brand | Interchangeable Straps & Customizable | Comfortable, Multiway, Best Strapless Bra | Sizes AA-H 26-42",,,,,,,,,,,,,,,oz,,1.48
tenerife-blanco-y-azul-stripe-shoulder-strap,,,,,,,,,,,,,,,,,,,,,,,,https://cdn.shopify.com/s/files/1/0673/5573/products/IMG_2210.jpg?v=1554822905,2,,,,,,,,,,,,,,,,,,,,,
tenerife-blanco-y-azul-stripe-shoulder-strap,,,,,,,,,,,,,,,,,,,,,,,,https://cdn.shopify.com/s/files/1/0673/5573/products/IMG_2194.jpg?v=1554822905,3,,,,,,,,,,,,,,,,,,,,,
tenerife-blanco-y-azul-stripe-shoulder-strap,,,,,,,,,,,,,,,,,,,,,,,,https://cdn.shopify.com/s/files/1/0673/5573/products/2981B182-D0E4-48EF-881F-59B6F3A4D2E1.JPG?v=1554822905,4,,,,,,,,,,,,,,,,,,,,,
tenerife-blanco-y-azul-stripe-shoulder-strap,,,,,,,,,,,,,,,,,,,,,,,,https://cdn.shopify.com/s/files/1/0673/5573/products/Bra_Lab_Test-4827.jpg?v=1554822905,5,Tenerife Blanco y Azul Stripe Shoulder Strap | The Bra Lab - The Bra Lab,,,,,,,,,,,,,,,,,,,,
tenerife-blanco-y-azul-stripe-shoulder-strap,,,,,,,,,,,,,,,,,,,,,,,,https://cdn.shopify.com/s/files/1/0673/5573/products/DSC_0006_c8006b86-f6d3-4de0-9076-d50cb200b4c5.jpg?v=1554822905,6,Tenerife Blanco y Azul Stripe Shoulder Strap | The Bra Lab - The Bra Lab,,,,,,,,,,,,,,,,,,,,
tenerife-blanco-y-azul-stripe-shoulder-strap,,,,,,,,,,,,,,,,,,,,,,,,https://cdn.shopify.com/s/files/1/0673/5573/products/unnamed-2_2_97997bf8-0ac6-40c6-acdf-2cbeba12c90e.jpg?v=1554822905,7,,,,,,,,,,,,,,,,,,,,,
miami-white-vegan-leather-shoulder-strap,Miami White Vegan Leather Shoulder Strap,"<meta charset=""utf-8"">
<p>Select one of our classic or on trend seasonal fabrics to go with any outfit. Shoulder straps are meant to be seen. Arrange the straps in multiple different ways attaching to the interior loops on the cups and back straps. Adjustable clasp, one size fits all. <strong>Each shoulder strap order comes with a pair of shoulder straps. </strong></p>
<p>Material: Stretch Faux Leather/Spandex</p>
<p>Care: Hand Wash</p>",The Bra Lab,Shoulder Strap,Beige,false,Title,Default Title,,,,,"",28,shopify,0,deny,manual,10.00,10.00,true,true,'00850259007660,https://cdn.shopify.com/s/files/1/0673/5573/products/002_cc1aabcc-191f-4606-98fb-8f84a9230c94.jpg?v=1527240102,1,Miami White Vegan Leather Shoulder Strap | The Bra Lab - The Bra Lab,false,"Bras | The Best Strappy Bras, Backless Bras, Bralettes | The Bra Lab","Free Shipping & Returns | Shop Online | Cool New Bra Brand 
Interchangeable & Customizable designs; push up bra, lace bra, strapless bra, strappy bra, backless bra, bralette bra. Comfortable, most versatile bra. The best strapless bra. Sizes AA-DDD 30-38.  ",,,,,,,,,,,,,,,oz,,
miami-white-vegan-leather-shoulder-strap,,,,,,,,,,,,,,,,,,,,,,,,https://cdn.shopify.com/s/files/1/0673/5573/products/MiamiBack_5bca548e-9b37-4f8f-a2dc-17c1988ed0a0.jpg?v=1527240102,2,Miami White Vegan Leather Shoulder Strap | The Bra Lab - The Bra Lab,,,,,,,,,,,,,,,,,,,,
miami-white-vegan-leather-shoulder-strap,,,,,,,,,,,,,,,,,,,,,,,,https://cdn.shopify.com/s/files/1/0673/5573/products/SEB_5785.jpg?v=1527240102,3,Miami White Vegan Leather Shoulder Strap | The Bra Lab - The Bra Lab,,,,,,,,,,,,,,,,,,,,
palm-beach-pink-shoulder-strap,Palm Beach Pink Shoulder Strap,"<meta charset=""utf-8"">
<p>Select one of our classic or on trend seasonal fabrics to go with any outfit. Shoulder straps are meant to be seen. Arrange the straps in multiple different ways attaching to the interior loops on the cups and back straps. Adjustable clasp, one size fits all. <strong>Each shoulder strap order comes with a pair of shoulder straps. </strong></p>
<p>Material: Scuba/ Sponge Athletics </p>
<p>Care: Hand Wash</p>",The Bra Lab,Shoulder Strap,Beige,false,Title,Default Title,,,,,TBL132,3,shopify,0,deny,manual,10.00,10.00,true,true,'855718007014,https://cdn.shopify.com/s/files/1/0673/5573/products/Bra_Lab_On_Body-4961.jpg?v=1532984480,1,Palm Beach Pink Shoulder Strap | The Bra Lab - The Bra Lab,false,"Bras | The Best Strappy Bras, Backless Bras, Bralettes | The Bra Lab","Free Shipping & Returns | Shop Online | Cool New Bra Brand 
Interchangeable & Customizable designs; push up bra, lace bra, strapless bra, strappy bra, backless bra, bralette bra. Comfortable, most versatile bra. The best strapless bra. Sizes AA-DDD 30-38.  ",,,,,,,,,,,,,,,oz,,3.71
palm-beach-pink-shoulder-strap,,,,,,,,,,,,,,,,,,,,,,,,https://cdn.shopify.com/s/files/1/0673/5573/products/Bra_Lab_Test-4839.jpg?v=1532984480,2,Palm Beach Pink Shoulder Strap | The Bra Lab - The Bra Lab,,,,,,,,,,,,,,,,,,,,
palm-beach-pink-shoulder-strap,,,,,,,,,,,,,,,,,,,,,,,,https://cdn.shopify.com/s/files/1/0673/5573/products/Bra_Lab_On_Body-4959.jpg?v=1532984480,3,Palm Beach Pink Shoulder Strap | The Bra Lab - The Bra Lab,,,,,,,,,,,,,,,,,,,,
palm-beach-pink-shoulder-strap,,,,,,,,,,,,,,,,,,,,,,,,https://cdn.shopify.com/s/files/1/0673/5573/products/IMG_8307_0ab5ef15-dd18-442a-8e10-4f4f6ab619ea.jpg?v=1532984480,4,Palm Beach Pink Shoulder Strap | The Bra Lab - The Bra Lab,,,,,,,,,,,,,,,,,,,,
palm-beach-pink-shoulder-strap,,,,,,,,,,,,,,,,,,,,,,,,https://cdn.shopify.com/s/files/1/0673/5573/products/unnamed-2_2_071eb65f-84bb-4328-b594-a864d28ae539.jpg?v=1538147080,5,,,,,,,,,,,,,,,,,,,,,
saint-emilion-cognac-vegan-leather-shoulder-strap,Saint-Emilion Cognac Vegan Leather Shoulder Strap,"<meta charset=""utf-8"">
<p>Select one of our classic or on trend seasonal fabrics to go with any outfit. Shoulder straps are meant to be seen. Arrange the straps in multiple different ways attaching to the interior loops on the cups and back straps. Adjustable clasp, one size fits all. <strong>Each shoulder strap order comes with a pair of shoulder straps. </strong></p>
<p>Material: Stretch Vegan Leather/ Spandex</p>
<p>Care: Hand Wash</p>",The Bra Lab,Shoulder Strap,Brown,false,Title,Default Title,,,,,TBL130,28,shopify,0,deny,manual,14.00,14.00,true,true,'850259007660,https://cdn.shopify.com/s/files/1/0673/5573/products/IMG_8305_8100384f-d1ea-4fba-852b-778f56a461f5.jpg?v=1527240120,1,Saint-Emilion Cognac Vegan Leather Shoulder Strap | The Bra Lab - The Bra Lab,false,"Bras | The Best Strappy Bras, Backless Bras, Bralettes | The Bra Lab","Free Shipping & Returns | Shop Online | Cool New Bra Brand 
Interchangeable & Customizable designs; push up bra, lace bra, strapless bra, strappy bra, backless bra, bralette bra. Comfortable, most versatile bra. The best strapless bra. Sizes AA-DDD 30-38.  ",,,,,,,,,,,,,,,oz,,
miami-white-solid-shoulder-strap,Miami White Shoulder Strap,"<meta charset=""utf-8"">
<p>Select one of our classic or on trend seasonal fabrics to go with any outfit. Shoulder straps are meant to be seen. Arrange the straps in multiple different ways attaching to the interior loops on the cups and back straps. Adjustable clasp, one size fits all. <strong>Each shoulder strap order comes with a pair of shoulder straps. </strong></p>
<p>Material: Scuba/ Sponge Athletics </p>
<p>Care: Hand Wash</p>",The Bra Lab,Shoulder Strap,Black,false,Title,Default Title,,,,,TBL134,3,shopify,0,deny,manual,14.00,14.00,true,true,'855718007045,https://cdn.shopify.com/s/files/1/0673/5573/products/jan19_008_63d697fb-bbf1-47e2-9994-6a70eefb92de.jpg?v=1546617066,1,,false,"Bras | The Best Strappy Bras, Backless Bras, Bralettes | The Bra Lab","Free Shipping & Returns | Shop Online | Cool New Bra Brand 
Interchangeable & Customizable designs; push up bra, lace bra, strapless bra, strappy bra, backless bra, bralette bra. Comfortable, most versatile bra. The best strapless bra. Sizes AA-DDD 30-38.  ",,,,,,,,,,,,,,,oz,,3.71
miami-white-solid-shoulder-strap,,,,,,,,,,,,,,,,,,,,,,,,https://cdn.shopify.com/s/files/1/0673/5573/products/jan19_008.jpg?v=1546617066,2,,,,,,,,,,,,,,,,,,,,,
miami-white-solid-shoulder-strap,,,,,,,,,,,,,,,,,,,,,,,,https://cdn.shopify.com/s/files/1/0673/5573/products/jan19_010.jpg?v=1546617066,3,,,,,,,,,,,,,,,,,,,,,
miami-white-solid-shoulder-strap,,,,,,,,,,,,,,,,,,,,,,,,https://cdn.shopify.com/s/files/1/0673/5573/products/IMG_8308-copy.jpg?v=1546617066,4,Miami White Shoulder Strap | The Bra Lab - The Bra Lab,,,,,,,,,,,,,,,,,,,,
miami-white-solid-shoulder-strap,,,,,,,,,,,,,,,,,,,,,,,,https://cdn.shopify.com/s/files/1/0673/5573/products/unnamed-2_2_77046b8d-a4a9-44d1-9698-b155d0ea04f3.jpg?v=1546617066,5,,,,,,,,,,,,,,,,,,,,,
napoletana-nera-lace-1-shoulder-strap,Napoletana Nera Lace 1 Inch Shoulder Strap,"<meta charset=""utf-8""><meta charset=""utf-8"">
<p>Floral lace and scalloped edges, backed with stretchy elastic gives you the ultimate support with feminine style. </p>
<p>Select one of our classic or on trend seasonal fabrics to go with any outfit. Shoulder straps are meant to be seen. Arrange the straps in multiple different ways attaching to the interior loops on the cups and back straps. Adjustable clasp, one size fits all. <strong>Each shoulder strap order comes with a pair of shoulder straps. </strong></p>
<p>Material: Nylon/Spandex/Lace</p>
<p>1"" Width</p>
<p>Care: Hand Wash</p>",The Bra Lab,Shoulder Strap,Black,true,Title,Default Title,,,,,TBL10331,28,shopify,345,deny,manual,14.00,14.00,true,true,'850259007677,https://cdn.shopify.com/s/files/1/0673/5573/products/IMG_2298_887202e8-0747-4477-be6d-60d0f8ff9450.jpg?v=1539723340,1,,false,"Bras | The Best Strappy Bras, Backless Bras, Bralettes | The Bra Lab","Free Exchanges & Returns | Cool New Innovative Bra Brand | Interchangeable Straps & Customizable | Comfortable, Multiway, Best Strapless Bra | Sizes AA-H 26-42",,,,,,,,,,,,,,,oz,,1.84
napoletana-nera-lace-1-shoulder-strap,,,,,,,,,,,,,,,,,,,,,,,,https://cdn.shopify.com/s/files/1/0673/5573/products/IMG_2298.jpg?v=1539723320,2,,,,,,,,,,,,,,,,,,,,,
napoletana-nera-lace-1-shoulder-strap,,,,,,,,,,,,,,,,,,,,,,,,https://cdn.shopify.com/s/files/1/0673/5573/products/IMG_2295.jpg?v=1539723320,3,,,,,,,,,,,,,,,,,,,,,
napoletana-nera-lace-1-shoulder-strap,,,,,,,,,,,,,,,,,,,,,,,,https://cdn.shopify.com/s/files/1/0673/5573/products/IMG_2288.jpg?v=1539723320,4,,,,,,,,,,,,,,,,,,,,,
napoletana-nera-lace-1-shoulder-strap,,,,,,,,,,,,,,,,,,,,,,,,https://cdn.shopify.com/s/files/1/0673/5573/products/Bra_Lab_Test-4828.jpg?v=1539723320,5,"Napoletana Nera Lace 1"" Shoulder Strap | The Bra Lab - The Bra Lab",,,,,,,,,,,,,,,,,,,,
napoletana-nera-lace-1-shoulder-strap,,,,,,,,,,,,,,,,,,,,,,,,https://cdn.shopify.com/s/files/1/0673/5573/products/IMG_1748_f68aecbc-492a-4bdd-8e08-7a7d2925c27e.jpg?v=1539723320,6,"Napoletana Nera Lace 1"" Shoulder Strap | The Bra Lab - The Bra Lab",,,,,,,,,,,,,,,,,,,,
napoletana-nera-lace-1-shoulder-strap,,,,,,,,,,,,,,,,,,,,,,,,https://cdn.shopify.com/s/files/1/0673/5573/products/unnamed-2_2_d4286058-de0b-4b0f-a755-a0bf91ff46fc.jpg?v=1539723320,7,,,,,,,,,,,,,,,,,,,,,
white-lace-shoulder-strap-the-bra-lab,Havana White Lace Shoulder Strap,"<meta charset=""utf-8"">
<p>Romantic white lace has a delicate and dainty feel. Wear these anyway you want with our multi-way shoulder strap loops. </p>
<p>Select one of our classic or on trend seasonal fabrics to go with any outfit. Shoulder straps are meant to be seen. Arrange the straps in multiple different ways attaching to the interior loops on the cups and back straps. Adjustable clasp, one size fits all. <strong>Each shoulder strap order comes with a pair of shoulder straps. </strong></p>
<p>Material: Nylon/Spandex/Lace</p>
<p>Care: Hand Wash</p>",The Bra Lab,Shoulder Strap,Black,true,Title,Default Title,,,,,TBL1041,28,shopify,259,deny,manual,12.00,12.00,true,true,'855718007021,https://cdn.shopify.com/s/files/1/0673/5573/products/IMG_2460_ccc46e79-6e7e-4f50-9a02-ef0fad04d6e9.jpg?v=1546616874,1,,false,"Bras | The Best Strappy Bras, Backless Bras, Bralettes | The Bra Lab","Free Exchanges & Returns | Cool New Innovative Bra Brand | Interchangeable Straps & Customizable | Comfortable, Multiway, Best Strapless Bra | Sizes AA-H 26-42",,,,,,,,,,,,,,,oz,,3.71
white-lace-shoulder-strap-the-bra-lab,,,,,,,,,,,,,,,,,,,,,,,,https://cdn.shopify.com/s/files/1/0673/5573/products/IMG_2460.jpg?v=1546616818,2,,,,,,,,,,,,,,,,,,,,,
white-lace-shoulder-strap-the-bra-lab,,,,,,,,,,,,,,,,,,,,,,,,https://cdn.shopify.com/s/files/1/0673/5573/products/IMG_1754_66f883e6-a910-4222-94aa-10f71fff09f5.jpg?v=1546616818,3,Havana White Lace Shoulder Strap | The Bra Lab - The Bra Lab,,,,,,,,,,,,,,,,,,,,
white-lace-shoulder-strap-the-bra-lab,,,,,,,,,,,,,,,,,,,,,,,,https://cdn.shopify.com/s/files/1/0673/5573/products/unnamed-2_3d6abde8-e470-4bc5-a13e-1a047212c04e.jpg?v=1546616818,4,,,,,,,,,,,,,,,,,,,,,
copy-of-havana-white-lace-1-shoulder-strap-the-bra-lab,Havana White Lace 1 Inch Shoulder Strap,"<meta charset=""utf-8"">
<p>Super light and perfect for your summer dresses! These 1"" white lace shoulder straps have a flirty feminine vibe!</p>
<p>Select one of our classic or on trend seasonal fabrics to go with any outfit. Shoulder straps are meant to be seen. Arrange the straps in multiple different ways attaching to the interior loops on the cups and back straps. Adjustable clasp, one size fits all. <strong>Each shoulder strap order comes with a pair of shoulder straps. </strong></p>
<p>Material: Nylon/Spandex/Lace</p>
<p>Care: Hand Wash</p>",The Bra Lab,Shoulder Strap,Beige,true,Title,Default Title,,,,,TBL1041.1,28,shopify,766,deny,manual,12.00,12.00,true,true,'855718007038,https://cdn.shopify.com/s/files/1/0673/5573/products/IMG_7773.jpg?v=1565027102,1,,false,"Bras | The Best Strappy Bras, Backless Bras, Bralettes | The Bra Lab","Free Exchanges & Returns | Cool New Innovative Bra Brand | Interchangeable Straps & Customizable | Comfortable, Multiway, Best Strapless Bra | Sizes AA-H 26-42",,,,,,,,,,,,,,,oz,,3.71
copy-of-havana-white-lace-1-shoulder-strap-the-bra-lab,,,,,,,,,,,,,,,,,,,,,,,,https://cdn.shopify.com/s/files/1/0673/5573/products/IMG_2258_4d36334f-bd18-4cfe-b0c1-5859c7aca472.jpg?v=1565027102,2,,,,,,,,,,,,,,,,,,,,,
copy-of-havana-white-lace-1-shoulder-strap-the-bra-lab,,,,,,,,,,,,,,,,,,,,,,,,https://cdn.shopify.com/s/files/1/0673/5573/products/IMG_2258_5909d089-94e4-4363-9cfd-e2593d89576d.jpg?v=1565027102,3,,,,,,,,,,,,,,,,,,,,,
copy-of-havana-white-lace-1-shoulder-strap-the-bra-lab,,,,,,,,,,,,,,,,,,,,,,,,https://cdn.shopify.com/s/files/1/0673/5573/products/IMG_2263.jpg?v=1565027102,4,,,,,,,,,,,,,,,,,,,,,
copy-of-havana-white-lace-1-shoulder-strap-the-bra-lab,,,,,,,,,,,,,,,,,,,,,,,,https://cdn.shopify.com/s/files/1/0673/5573/products/Bra_Lab_Test-4829.jpg?v=1565027102,5,"Havana White Lace 1"" Shoulder Strap | The Bra Lab - The Bra Lab",,,,,,,,,,,,,,,,,,,,
copy-of-havana-white-lace-1-shoulder-strap-the-bra-lab,,,,,,,,,,,,,,,,,,,,,,,,https://cdn.shopify.com/s/files/1/0673/5573/products/Untitled-1.jpg?v=1565027102,6,"Havana White Lace 1"" Shoulder Strap | The Bra Lab - The Bra Lab",,,,,,,,,,,,,,,,,,,,
copy-of-havana-white-lace-1-shoulder-strap-the-bra-lab,,,,,,,,,,,,,,,,,,,,,,,,https://cdn.shopify.com/s/files/1/0673/5573/products/unnamed-2_6b69366b-198a-4311-a440-48529ae4543e.jpg?v=1565027102,7,,,,,,,,,,,,,,,,,,,,,
monaco-metallic-stripe-shoulder-straps,Monaco Metallic Stripe Shoulder Straps,"<meta charset=""utf-8"">
<p>Select one of our classic or on trend seasonal fabrics to go with any outfit. Shoulder straps are meant to be seen. Arrange the straps in multiple different ways attaching to the interior loops on the cups and back straps. Adjustable clasp, one size fits all. <strong>Each shoulder strap order comes with a pair of shoulder straps. </strong></p>
<p>﻿Color: Black and gold metallic</p>
<p>Size: 1"" (25mm)</p>
<p>Material: Elastic</p>
<p>Care: Hand Wash</p>",The Bra Lab,Shoulder Strap,Black,false,Title,Default Title,,,,,TBL146,28,shopify,13,deny,manual,14.00,14.00,true,true,'761531323241,https://cdn.shopify.com/s/files/1/0673/5573/products/IMG_7836.jpg?v=1565027679,1,,false,,"Free Exchanges & Returns | Cool New Innovative Bra Brand | Interchangeable Straps & Customizable | Comfortable, Multiway, Best Strapless Bra | Sizes AA-H 26-42",,,,,,,,,,,,,,,oz,,1.54
monaco-metallic-stripe-shoulder-straps,,,,,,,,,,,,,,,,,,,,,,,,https://cdn.shopify.com/s/files/1/0673/5573/products/IMG_2321.jpg?v=1565027679,2,,,,,,,,,,,,,,,,,,,,,
monaco-metallic-stripe-shoulder-straps,,,,,,,,,,,,,,,,,,,,,,,,https://cdn.shopify.com/s/files/1/0673/5573/products/IMG_2324.jpg?v=1565027679,3,,,,,,,,,,,,,,,,,,,,,
monaco-metallic-stripe-shoulder-straps,,,,,,,,,,,,,,,,,,,,,,,,https://cdn.shopify.com/s/files/1/0673/5573/products/IMG_4288.JPG?v=1565027679,4,,,,,,,,,,,,,,,,,,,,,
monaco-metallic-stripe-shoulder-straps,,,,,,,,,,,,,,,,,,,,,,,,https://cdn.shopify.com/s/files/1/0673/5573/products/MONACOMETALLICSTRIPE1.jpg?v=1565027679,5,Monaco Metallic Stripe Shoulder Straps | The Bra Lab - The Bra Lab,,,,,,,,,,,,,,,,,,,,
monaco-metallic-stripe-shoulder-straps,,,,,,,,,,,,,,,,,,,,,,,,https://cdn.shopify.com/s/files/1/0673/5573/products/MONACOMETALLICSTRIPE.jpg?v=1565027679,6,Monaco Metallic Stripe Shoulder Straps | The Bra Lab - The Bra Lab,,,,,,,,,,,,,,,,,,,,
monaco-metallic-stripe-shoulder-straps,,,,,,,,,,,,,,,,,,,,,,,,https://cdn.shopify.com/s/files/1/0673/5573/products/unnamed-2_2_d22609e2-e26e-49bc-9753-bc322009b6fb.jpg?v=1565027679,7,,,,,,,,,,,,,,,,,,,,,
beverly-hills-cabana-stripe-shoulder-straps,Beverly Hills Cabana Stripe Shoulder Straps,"<meta charset=""utf-8"">
<p>Get the ultimate style with these cabana stripe straps. They will for sure add some fun glam to your outfit. Super chic but laid back, these straps are a must for any fashionista!</p>
<p>Select one of our classic or on trend seasonal fabrics to go with any outfit. Shoulder straps are meant to be seen. Arrange the straps in multiple different ways attaching to the interior loops on the cups and back straps. Adjustable clasp, one size fits all. <strong>Each shoulder strap order comes with a pair of shoulder straps. </strong></p>
<p>﻿Color: Beige and white</p>
<p>Size: 1"" (25mm)</p>
<p>Material: Elastic</p>
<p>Care: Hand Wash</p>",The Bra Lab,Shoulder Strap,Beige,true,Title,Default Title,,,,,TBL145,28,shopify,277,deny,manual,14.00,14.00,true,true,"",https://cdn.shopify.com/s/files/1/0673/5573/products/IMG_7760.jpg?v=1565026809,1,,false,,"Free Shipping & Returns | Shop Online | Cool New Bra Brand | Bras to wear with open back clothing | Bra Shoulder Straps
Interchangeable & Customizable bras; push up bra, lace bra, strapless bra, strappy bra, backless bra, bralette bra. Comfortable, most versatile bra. The best strapless bra. Bra sizes AA-G 30-38.  ",,,,,,,,,,,,,,,oz,,1.48
beverly-hills-cabana-stripe-shoulder-straps,,,,,,,,,,,,,,,,,,,,,,,,https://cdn.shopify.com/s/files/1/0673/5573/products/IMG_2244.jpg?v=1565026809,2,,,,,,,,,,,,,,,,,,,,,
beverly-hills-cabana-stripe-shoulder-straps,,,,,,,,,,,,,,,,,,,,,,,,https://cdn.shopify.com/s/files/1/0673/5573/products/IMG_2251.jpg?v=1565026809,3,,,,,,,,,,,,,,,,,,,,,
beverly-hills-cabana-stripe-shoulder-straps,,,,,,,,,,,,,,,,,,,,,,,,https://cdn.shopify.com/s/files/1/0673/5573/products/IMG_2238.jpg?v=1565026809,4,,,,,,,,,,,,,,,,,,,,,
beverly-hills-cabana-stripe-shoulder-straps,,,,,,,,,,,,,,,,,,,,,,,,https://cdn.shopify.com/s/files/1/0673/5573/products/IMG_4157.JPG?v=1565026809,5,,,,,,,,,,,,,,,,,,,,,
beverly-hills-cabana-stripe-shoulder-straps,,,,,,,,,,,,,,,,,,,,,,,,https://cdn.shopify.com/s/files/1/0673/5573/products/Bra_Lab_Test-4822.jpg?v=1565026809,6,Beverly Hills Cabana Stripe Shoulder Straps | The Bra Lab - The Bra Lab,,,,,,,,,,,,,,,,,,,,
roman-red-and-green-stripe-shoulder-straps-the-bra-lab,Roman Red and Green Stripe Shoulder Straps,"<meta charset=""utf-8"">
<p>These red and green striped 1"" straps have us dreaming of eating a pizza while wandering around Rome! We love these paired with white or stripes on stripes. You can be sure to look ultra modern and current.</p>
<p>Select one of our classic or on trend seasonal fabrics to go with any outfit. Shoulder straps are meant to be seen. Arrange the straps in multiple different ways attaching to the interior loops on the cups and back straps. Adjustable clasp, one size fits all. <strong>Each shoulder strap order comes with a pair of shoulder straps. </strong></p>
<p>﻿Color: Red, Green and Navy</p>
<p>Size: 1"" (25mm)</p>
<p>Material: Elastic</p>
<p>Care: Hand Wash</p>",The Bra Lab,Shoulder Strap,Beige,true,Title,Default Title,,,,,TBL147,28,shopify,44,deny,manual,14.00,14.00,true,true,'761531324026,https://cdn.shopify.com/s/files/1/0673/5573/products/IMG_7797.jpg?v=1565027627,1,,false,,"Free Exchanges & Returns | Cool New Innovative Bra Brand | Interchangeable Straps & Customizable | Comfortable, Multiway, Best Strapless Bra | Sizes AA-H 26-42",,,,,,,,,,,,,,,oz,,1.52
roman-red-and-green-stripe-shoulder-straps-the-bra-lab,,,,,,,,,,,,,,,,,,,,,,,,https://cdn.shopify.com/s/files/1/0673/5573/products/IMG_2222.jpg?v=1565027627,2,,,,,,,,,,,,,,,,,,,,,
roman-red-and-green-stripe-shoulder-straps-the-bra-lab,,,,,,,,,,,,,,,,,,,,,,,,https://cdn.shopify.com/s/files/1/0673/5573/products/IMG_4048.JPG?v=1565027627,3,,,,,,,,,,,,,,,,,,,,,
roman-red-and-green-stripe-shoulder-straps-the-bra-lab,,,,,,,,,,,,,,,,,,,,,,,,https://cdn.shopify.com/s/files/1/0673/5573/products/IMG_2235.jpg?v=1565027627,4,,,,,,,,,,,,,,,,,,,,,
roman-red-and-green-stripe-shoulder-straps-the-bra-lab,,,,,,,,,,,,,,,,,,,,,,,,https://cdn.shopify.com/s/files/1/0673/5573/products/Bra_Lab_Test-4825.jpg?v=1565027627,5,Roman Red and Green Stripe Shoulder Straps | The Bra Lab - The Bra Lab,,,,,,,,,,,,,,,,,,,,
roman-red-and-green-stripe-shoulder-straps-the-bra-lab,,,,,,,,,,,,,,,,,,,,,,,,https://cdn.shopify.com/s/files/1/0673/5573/products/ROMANREDANDGREENSTRAPS1.jpg?v=1565027627,6,Roman Red and Green Stripe Shoulder Straps | The Bra Lab - The Bra Lab,,,,,,,,,,,,,,,,,,,,
roman-red-and-green-stripe-shoulder-straps-the-bra-lab,,,,,,,,,,,,,,,,,,,,,,,,https://cdn.shopify.com/s/files/1/0673/5573/products/unnamed-2_2_9dd16c3e-1985-44f2-b9b6-96e4974eecc8.jpg?v=1565027627,7,,,,,,,,,,,,,,,,,,,,,
malibu-metallic-gold-shoulder-strap-the-bra-lab,Malibu Metallic Gold Shoulder Strap,"<meta charset=""utf-8"">
<p>Slightly shimmer, luxe gold metallic steps up your outfit! Super soft and multi-way to meet your wardrobe needs.</p>
<p>Select one of our classic or on trend seasonal fabrics to go with any outfit. Shoulder straps are meant to be seen. Arrange the straps in multiple different ways attaching to the interior loops on the cups and back straps. Adjustable clasp, one size fits all. <strong>Each shoulder strap order comes with a pair of shoulder straps. </strong></p>
<p>Material: Nylon/Spandex</p>
<p>Care: Hand Wash</p>",The Bra Lab,Shoulder Strap,Black,true,Title,Default Title,,,,,TBL149.3,28,shopify,848,deny,manual,12.00,12.00,true,true,'850259007592,https://cdn.shopify.com/s/files/1/0673/5573/products/IMG_7916.jpg?v=1565027759,1,,false,"Bras | The Best Strappy Bras, Backless Bras, Bralettes | The Bra Lab","Free Exchanges & Returns | Cool New Innovative Bra Brand | Interchangeable Straps & Customizable | Comfortable, Multiway, Best Strapless Bra | Sizes AA-H 26-42",,,,,,,,,,,,,,,oz,,1.95
malibu-metallic-gold-shoulder-strap-the-bra-lab,,,,,,,,,,,,,,,,,,,,,,,,https://cdn.shopify.com/s/files/1/0673/5573/products/IMG_2027.jpg?v=1565027759,2,,,,,,,,,,,,,,,,,,,,,
malibu-metallic-gold-shoulder-strap-the-bra-lab,,,,,,,,,,,,,,,,,,,,,,,,https://cdn.shopify.com/s/files/1/0673/5573/products/IMG_2025.jpg?v=1565027759,3,,,,,,,,,,,,,,,,,,,,,
malibu-metallic-gold-shoulder-strap-the-bra-lab,,,,,,,,,,,,,,,,,,,,,,,,https://cdn.shopify.com/s/files/1/0673/5573/products/unnamed-2_2.jpg?v=1565027759,4,,,,,,,,,,,,,,,,,,,,,
capri-clear-shoulder-strap-the-bra-lab-1,Capri Clear Shoulder Strap,"<meta charset=""utf-8"">
<p>Get the appearance of going strapless with our Capri Clear shoulder straps. Give yourself the support you need without the look of straps. Arrange the straps in multiple different ways attaching to the interior loops on the cups and back straps. Adjustable clasp, one size fits all. <strong>Each shoulder strap order comes with a pair of shoulder straps. </strong></p>
<p>Material: Clear Silicon</p>
<p>Care: Hand Wash</p>",The Bra Lab,Shoulder Strap,Beige,true,Title,Default Title,,,,,TBL1444.1,14,shopify,315,deny,manual,10.00,0.00,true,true,"",https://cdn.shopify.com/s/files/1/0673/5573/products/IMG_7730.jpg?v=1565026849,1,,false,"Bras | The Best Strappy Bras, Backless Bras, Bralettes | The Bra Lab","Free Exchanges & Returns | Cool New Innovative Bra Brand | Interchangeable Straps & Customizable | Comfortable, Multiway, Best Strapless Bra | Sizes AA-H 26-42",,,,,,,,,,,,,,,oz,,1.42
capri-clear-shoulder-strap-the-bra-lab-1,,,,,,,,,,,,,,,,,,,,,,,,https://cdn.shopify.com/s/files/1/0673/5573/products/IMG_2034_5c5d3613-41aa-499f-a9a7-e0ea2e65c4cc.jpg?v=1565026849,2,,,,,,,,,,,,,,,,,,,,,
capri-clear-shoulder-strap-the-bra-lab-1,,,,,,,,,,,,,,,,,,,,,,,,https://cdn.shopify.com/s/files/1/0673/5573/products/IMG_2034.jpg?v=1565026849,3,,,,,,,,,,,,,,,,,,,,,
capri-clear-shoulder-strap-the-bra-lab-1,,,,,,,,,,,,,,,,,,,,,,,,https://cdn.shopify.com/s/files/1/0673/5573/products/IMG_2046.jpg?v=1565026849,4,,,,,,,,,,,,,,,,,,,,,
capri-clear-shoulder-strap-the-bra-lab-1,,,,,,,,,,,,,,,,,,,,,,,,https://cdn.shopify.com/s/files/1/0673/5573/products/unnamed-2_65a8be31-ec2f-4873-8512-d1b918e37751.jpg?v=1565026849,5,,,,,,,,,,,,,,,,,,,,,
phuket-pink-shoulder-strap-the-bra-lab,Phuket Pink Shoulder Strap,"<meta charset=""utf-8"">
<p>This soft pink is super feminine and delicate. A good alternative to white and looks great with color! </p>
<p>Select one of our classic or on trend seasonal fabrics to go with any outfit. Shoulder straps are meant to be seen. Arrange the straps in multiple different ways attaching to the interior loops on the cups and back straps. Adjustable clasp, one size fits all. <strong>Each shoulder strap order comes with a pair of shoulder straps. </strong></p>
<p>Size: 1"" (25mm)</p>
<p>Material: Nylon/Spandex</p>
<p>Care: Hand Wash</p>",The Bra Lab,Shoulder Strap,Beige,true,Title,Default Title,,,,,TBL157,28,shopify,26,deny,manual,14.00,14.00,true,true,'761531324040,https://cdn.shopify.com/s/files/1/0673/5573/products/IMG_5976.jpg?v=1559916000,1,,false,"Bras | The Best Strappy Bras, Backless Bras, Bralettes | The Bra Lab","Free Exchanges & Returns | Cool New Innovative Bra Brand | Interchangeable Straps & Customizable | Comfortable, Multiway, Best Strapless Bra | Sizes AA-H 26-42",,,,,,,,,,,,,,,oz,,1.81
phuket-pink-shoulder-strap-the-bra-lab,,,,,,,,,,,,,,,,,,,,,,,,https://cdn.shopify.com/s/files/1/0673/5573/products/phuketpink.jpg?v=1559916000,2,,,,,,,,,,,,,,,,,,,,,
phuket-pink-shoulder-strap-the-bra-lab,,,,,,,,,,,,,,,,,,,,,,,,https://cdn.shopify.com/s/files/1/0673/5573/products/IMG_5976_8142c081-fe80-4841-b50e-40b32a7f0c8a.jpg?v=1559916000,3,,,,,,,,,,,,,,,,,,,,,
phuket-pink-shoulder-strap-the-bra-lab,,,,,,,,,,,,,,,,,,,,,,,,https://cdn.shopify.com/s/files/1/0673/5573/products/IMG_5963.jpg?v=1559916000,4,,,,,,,,,,,,,,,,,,,,,
copy-of-phuket-pink-shoulder-strap-the-bra-lab,Singapore Poppy Shoulder Strap,"<meta charset=""utf-8"">
<p>Founder F A V O R I T E! Show stopping poppy red 1"" super soft shoulder straps. Wow, these are gorgeous and will give your outfit a pop! </p>
<p>Select one of our classic or on trend seasonal fabrics to go with any outfit. Shoulder straps are meant to be seen. Arrange the straps in multiple different ways attaching to the interior loops on the cups and back straps. Adjustable clasp, one size fits all. <strong>Each shoulder strap order comes with a pair of shoulder straps. </strong></p>
<p>Size: 1"" (25mm)</p>
<p>Material: Nylon/Spandex</p>
<p>Care: Hand Wash</p>",The Bra Lab,Shoulder Strap,Red,true,Title,Default Title,,,,,TBL158,28,shopify,22,deny,manual,14.00,14.00,true,true,'761531324057,https://cdn.shopify.com/s/files/1/0673/5573/products/IMG_5958.jpg?v=1559916023,1,,false,"Bras | The Best Strappy Bras, Backless Bras, Bralettes | The Bra Lab","Free Exchanges & Returns | Cool New Innovative Bra Brand | Interchangeable Straps & Customizable | Comfortable, Multiway, Best Strapless Bra | Sizes AA-H 26-42",,,,,,,,,,,,,,,oz,,1.81
copy-of-phuket-pink-shoulder-strap-the-bra-lab,,,,,,,,,,,,,,,,,,,,,,,,https://cdn.shopify.com/s/files/1/0673/5573/products/singaporepoppy.jpg?v=1559916023,2,,,,,,,,,,,,,,,,,,,,,
copy-of-phuket-pink-shoulder-strap-the-bra-lab,,,,,,,,,,,,,,,,,,,,,,,,https://cdn.shopify.com/s/files/1/0673/5573/products/IMG_5958_30ca7e2c-c576-4f07-ba47-a728edf484a0.jpg?v=1559916071,3,,,,,,,,,,,,,,,,,,,,,
copy-of-phuket-pink-shoulder-strap-the-bra-lab,,,,,,,,,,,,,,,,,,,,,,,,https://cdn.shopify.com/s/files/1/0673/5573/products/IMG_5954.jpg?v=1559916318,4,,,,,,,,,,,,,,,,,,,,,
miami-white-shoulder-strap-the-bra-lab,Miami White 1 Inch Shoulder Strap,"<meta charset=""utf-8"">
<p>Clean and simple style. Chic 1"" white shoulder straps are sleek and look great paired with white on white. </p>
<p>Select one of our classic or on trend seasonal fabrics to go with any outfit. Shoulder straps are meant to be seen. Arrange the straps in multiple different ways attaching to the interior loops on the cups and back straps. Adjustable clasp, one size fits all. <strong>Each shoulder strap order comes with a pair of shoulder straps. </strong></p>
<p>Size: 1"" (25mm)</p>
<p>Material: Nylon/Spandex</p>
<p>Care: Hand Wash</p>",The Bra Lab,Shoulder Strap,Black,true,Title,Default Title,,,,,TBL159,28,shopify,43,deny,manual,14.00,14.00,true,true,'761531324064,https://cdn.shopify.com/s/files/1/0673/5573/products/IMG_5943.jpg?v=1559916140,1,,false,"Bras | The Best Strappy Bras, Backless Bras, Bralettes | The Bra Lab","Free Exchanges & Returns | Cool New Innovative Bra Brand | Interchangeable Straps & Customizable | Comfortable, Multiway, Best Strapless Bra | Sizes AA-H 26-42",,,,,,,,,,,,,,,oz,,1.81
miami-white-shoulder-strap-the-bra-lab,,,,,,,,,,,,,,,,,,,,,,,,https://cdn.shopify.com/s/files/1/0673/5573/products/miamiwhite1.jpg?v=1559916140,2,,,,,,,,,,,,,,,,,,,,,
miami-white-shoulder-strap-the-bra-lab,,,,,,,,,,,,,,,,,,,,,,,,https://cdn.shopify.com/s/files/1/0673/5573/products/IMG_5943_4ee4aadb-cbad-4681-bfe6-004bb888a9de.jpg?v=1559916140,3,,,,,,,,,,,,,,,,,,,,,
miami-white-shoulder-strap-the-bra-lab,,,,,,,,,,,,,,,,,,,,,,,,https://cdn.shopify.com/s/files/1/0673/5573/products/IMG_5950.jpg?v=1559916140,4,,,,,,,,,,,,,,,,,,,,,
amber-brown-25mm-shoulder-strap,"Amber Brown 1"" Shoulder Straps","<meta charset=""utf-8"">
<p>Select one of our classic or on trend seasonal fabrics to go with any outfit. Shoulder straps are meant to be seen. Arrange the straps in multiple different ways attaching to the interior loops on the cups and back straps.</p>
<meta charset=""utf-8""><meta charset=""utf-8"">
<ul>
<li><span>Adjustable clasp, one size fits all</span></li>
<li>
<span>Made of </span><span>Nylon Spandex</span>
</li>
<li>Hand Wash</li>
<li>Each shoulder strap comes as a pair</li>
</ul>",The Bra Lab,Shoulder Strap,Brown,false,Title,Default Title,,,,,TBL168.1,3,shopify,0,deny,manual,12.00,0.00,true,true,'855718007595,,,,false,"Bras | The Best Strappy Bras, Backless Bras, Bralettes | The Bra Lab","Free Exchanges & Returns | Cool New Innovative Bra Brand | Interchangeable Straps & Customizable | Comfortable, Multiway, Best Strapless Bra | Sizes AA-H 26-42",,,,,,,,,,,,,,,oz,,1.90
amber-brown-shoulder-straps,Amber Brown Shoulder Straps,"<meta charset=""utf-8"">
<p>Select one of our classic or on trend seasonal fabrics to go with any outfit. Shoulder straps are meant to be seen. Arrange the straps in multiple different ways attaching to the interior loops on the cups and back straps.</p>
<meta charset=""utf-8""><meta charset=""utf-8"">
<ul>
<li><span>Adjustable clasp, one size fits all</span></li>
<li>
<span>Made of </span><span>Nylon Spandex</span>
</li>
<li>Hand Wash</li>
<li>Each shoulder strap comes as a pair</li>
</ul>",The Bra Lab,Shoulder Strap,Beige,true,Title,Default Title,,,,,TBL168,3,shopify,948,deny,manual,10.00,0.00,true,true,'855718007588,https://cdn.shopify.com/s/files/1/0673/5573/products/090-Monarch20-Commercial-Bra-Lab_DSC3255.jpg?v=1583258302,1,,false,"Bras | The Best Strappy Bras, Backless Bras, Bralettes | The Bra Lab","Free Exchanges & Returns | Cool New Innovative Bra Brand | Interchangeable Straps & Customizable | Comfortable, Multiway, Best Strapless Bra | Sizes AA-H 26-42",,,,,,,,,,,,,,,oz,,1.80
amber-brown-shoulder-straps,,,,,,,,,,,,,,,,,,,,,,,,https://cdn.shopify.com/s/files/1/0673/5573/products/098-Monarch20-Commercial-Bra-Lab_DSC3267_a92c062f-0c01-4661-abf5-9c9a9aff9173.jpg?v=1583258310,2,,,,,,,,,,,,,,,,,,,,,
